1,"LN0101","TEORIA GENERAL DE LA ADMINISTRACION I",8
2,"LN0102","INTRODUCCION AL ESTUDIO DEL DERECHO",8
3,"LN0103","FUNDAMENTOS DE CONTABILIDAD I",8
4,"LN0104","HISTORIA DE LA ECONOMIA POLITICA",6
5,"LN0105","INGLES I",8
6,"LN0106","INTRODUCCION A LA INFORMATICA",8
7,"LN0207","TEORIA GENERAL DE LA ADMINISTRACION II",8
8,"LN0208","DERECHO MERCANTIL I",8
9,"LN0209","FUNDAMENTOS DE CONTABILIDAD II",7
10,"LN0210","MACROECONOMIA",8
11,"LN0211","INGLES II",8
12,"LN0212","SISTEMAS DE DATOS",8
13,"LN0313","NEGOCIOS INTERNACIONALES I",10
14,"LN0314","DERECHO MERCANTIL II",8
15,"LN0315","MICROECONOMIA",8
16,"LN0316","MATEMATICAS BASICAS",6
17,"LN0317","INGLES III",8
18,"LN0418","NEGOCIOS INTERNACIONALES II",10
19,"LN0419","DERECHO FISCAL I",8
20,"LN0420","GEOGRAFIA ECONOMICA",6
21,"LN0421","MATEMATICAS FINANCIERAS",6
22,"LN0422","INGLES IV",8
23,"LN0523","NEGOCIOS INTERNACIONALES III",9
24,"LN0524","DERECHO FISCAL II",8
25,"LN0525","MERCADOTECNIA I",8
26,"LN0526","ESTADISTICA APLICADA",6
27,"LN0527","INGLES V",7
28,"LN0628","NEGOCIOS INTERNACIONALES IV",9
29,"LN0629","LEGISLACION ADUANERA",8
30,"LN0630","DERECHO INTERNACIONAL PUBLICO",8
31,"LN0631","MERCADOTECNIA II",8
32,"LN0632","INVESTIGACION DE OPERACIONES",8
33,"LN0733","NEGOCIOS INTERNACIONALES V",9
34,"LN0734","LEY DE COMERCIO EXTERIOR",8
35,"LN0735","DERECHO INTERNACIONAL PRIVADO",8
36,"LN0736","MERCADOTECNIA INTERNACIONAL I",7
37,"LN0737","FINANZAS I",8
38,"LN0838","NEGOCIOS INTERNACIONALES VI",10
39,"LN0839","AUDITORIA ADMINISTRATIVA",6
40,"LN0840","MERCADOTECNIA INTERNACIONAL II",7
41,"LN0841","FINANZAS II",7
42,"LN0942","ELABORACION DE PROYECTOS DE NEGOCIOS INTERNACIONAL",10
43,"LN0943","TRATADOS Y CONVENIOS INTERNACIONALES",8
44,"LN0944","FINANZAS INTERNACIONALES",8
45,"LN0945","SEMINARIO DE TESIS",10
46,"LF0101","INTRODUCCION A LA ADMINISTRACION",8
47,"LF0102","INTRODUCCION A LA CONTABILIDAD",8
48,"LF0103","ECONOMIA",8
49,"LF0104","COMPUTACION",6
50,"LF0105","MATEMATICAS",8
51,"LF0106","PSICOLOGIA Y RELACIONES HUMANAS EN LA INDUSTRIA",8
52,"LF0207","ADMINISTRACION I",8
53,"LF0208","FUNDAMENTOS DE CONTABILIDAD",8
54,"LF0209","MICROECONOMIA",8
55,"LF0210","MATEMATICAS SUPERIORES",8
56,"LF0211","FUNDAMENTOS DEL DERECHO",8
57,"LF0212","INFORMATICA APLICADA A LA ADMINISTRACION",6
58,"LF0313","ADMINISTRACION II",8
59,"LF0314","CONTABILIDAD DE ACTIVO Y PASIVO",8
60,"LF0315","DERECHO MERCANTIL",8
61,"LF0316","ESTADISTICA",8
62,"LF0317","MACROECONOMIA",8
63,"LF0318","REDACCION E INVESTIGACION DOCUMENTAL",6
64,"LF0419","CONTABILIDAD DE COSTOS",8
65,"LF0420","DIRECCION Y TOMA DE DECISIONES",8
66,"LF0421","DERECHO BANCARIO",8
67,"LF0422","INVESTIGACION DE OPERACIONES",8
68,"LF0423","INGENIERIA ECONOMICA",8
69,"LF0524","CONTABILIDAD AVANZADA I",8
70,"LF0525","DERECHO FISCAL",8
71,"LF0526","PRONOSTICOS Y SERIES DE TIEMPOS",8
72,"LF0527","FINANZAS I",8
73,"LF0528","MERCADOTECNIA I",8
74,"LF0629","MATEMATICAS FINANCIERAS",8
75,"LF0630","CONTABILIDAD AVANZADA II",8
76,"LF0631","CONTROL FINANCIERO",8
77,"LF0632","FINANZAS II",8
78,"LF0633","MERCADOTECNIA II",8
79,"LF0734","PLANEACION ESTRATEGICA",8
80,"LF0735","ANALISIS E INTERPRETACION DE ESTADOS FINANCIEROS Y",10
81,"LF0736","MERCADOTECNIA III",10
82,"LF0737","FINANZAS III",10
83,"LF0838","ETICA PROFESIONAL",6
84,"LF0839","INSTRUMENTOS FINANCIEROS DERIVADOS",10
85,"LF0840","PRESUPUESTOS",10
86,"LF0841","SEMINARIO SOBRE PROBLEMAS ECONOMICOS DE MEXICO",8
87,"LF0942","FINANZAS PUBLICAS",8
88,"LF0943","SEMINARIO DE FINANZAS",10
89,"LF0944","COMERCIO EXTERIOR",10
90,"LF0945","SEMINARIO DE TITULACION",8
91,"LA0101","INTRODUCCIÓN A LA ADMINISTRACIÓN",8
92,"LA0102","INTRODUCCIÓN A LA CONTABILIDAD",8
93,"LA0103","FUNDAMENTOS DEL DERECHO",8
94,"LA0104","INFORMÁTICA I",6
95,"LA0105","MATEMÁTICAS SUPERIORES",8
96,"LA0206","ADMINISTRACIÓN I",8
97,"LA0207","CONTABILIDAD I",8
98,"LA0208","DERECHO MERCANTIL",8
99,"LA0209","INFORMÁTICA II",6
100,"LA0210","ESTADÍSTICA",8
101,"LA0311","COMPORTAMIENTO ORGANIZACIONAL",8
102,"LA0312","CONTABILIDAD II",8
103,"LA0313","DERECHO LABORAL",8
104,"LA0314","RELACIONES HUMANAS",6
105,"LA0315","MATEMÁTICAS FINANCIERAS",8
106,"LA0416","FUNDAMENTOS DE ECONOMÍA",8
107,"LA0417","CONTABILIDAD DE COSTOS",8
108,"LA0418","DERECHO FISCAL",8
109,"LA0419","MERCADOTECNIA I",8
110,"LA0420","METODOLOGÍA DE LA INVESTIGACIÓN",6
111,"LA0521","MACROECONOMÍA",8
112,"LA0522","RECURSOS HUMANOS I",8
113,"LA0523","COMUNICACIÓN ADMINISTRATIVA",6
114,"LA0524","MERCADOTECNIA II",8
115,"LA0525","INVESTIGACIÓN DE OPERACIONES",8
116,"LA0626","MICROECONOMÍA",8
117,"LA0627","RECURSOS HUMANOS II",8
118,"LA0628","PLANEACIÓN ESTRATEGICA",8
119,"LA0629","SEGURIDAD SOCIAL",8
120,"LA0630","FINANZAS I",8
121,"LA0731","MÉTODOS CUANTITATIVOS EN ADMINISTRACIÓN",8
122,"LA0732","ADMINISTRACIÓN DE SUELDOS Y SALARIOS",8
123,"LA0733","INVESTIGACIÓN DE MERCADOS",8
124,"LA0734","FINANZAS II",8
125,"LA0735","RELACIONES PÚBLICAS",8
126,"LA0836","AUDITORÍA ADMINISTRATIVA",6
127,"LA0837","ÉTICA PROFESIONAL",6
128,"LA0838","ADMINISTRACIÓN DE LA PRODUCCIÓN I",8
129,"LA0839","PROMOCIÓN EN LA MERCADOTECNIA",8
130,"LA0840","ANÁLISIS DEL DESARROLLO NACIONAL",8
131,"LA0941","TALLER DE TEORÍAS ADMINISTRATIVAS",6
132,"LA0942","SEMINARIO DE TITULACIÓN",6
133,"LA0943","ADMINISTRACIÓN DE LA PRODUCCIÓN II",8
134,"LA0944","DIRECCIÓN",8
135,"LA0945","SEMINARIO SOBRE PROBLEMAS ECONÓMICOS DE MÉXICO",6
136,"LD0101","INTRODUCCION AL ESTUDIO DEL DERECHO",10
137,"LD0102","TEORIA ECONOMICA",10
138,"LD0103","DERECHO ROMANO I",10
139,"LD0104","SOCIOLOGIA",10
140,"LD0205","HISTORIA DEL PENSAMIENTO ECONOMICO",10
141,"LD0206","DERECHO ROMANO II",10
142,"LD0207","TEORIA POLITICA",10
143,"LD0208","DERECHO CIVIL I",10
144,"LD0309","TEORIA GENERAL DEL PROCESO",10
145,"LD0310","DERECHO PENAL I",10
146,"LD0311","DERECHO CIVIL II",10
147,"LD0312","TEORIA GENERAL DEL ESTADO",10
148,"LD0413","DERECHO CONSTITUCIONAL",10
149,"LD0414","DERECHO PENAL II",10
150,"LD0415","DERECHO CIVIL III",10
151,"LD0416","DERECHO PROCESAL CIVIL",10
152,"LD0517","DERECHO CIVIL IV",10
153,"LD0518","DERECHO PROCESAL PENAL",10
154,"LD0519","DERECHO ADMINISTRATIVO I",10
155,"LD0520","GARANTIAS INDIVIDUALES",10
156,"LD0621","DERECHO MERCANTIL I",10
157,"LD0622","CLINICA PROCESAL CIVIL",6
158,"LD0623","DERECHO ADMINISTRATIVO II",10
159,"LD0624","AMPARO I",10
160,"LD0725","DERECHO AGRARIO",10
161,"LD0726","DERECHO MERCANTIL II",10
162,"LD0727","DERECHO LABORAL I",10
163,"LD0728","AMPARO II",10
164,"LD0829","DERECHO INTERNACIONAL PUBLICO",10
165,"LD0830","DERECHO BANCARIO",10
166,"LD0831","DERECHO FISCAL I",10
167,"LD0832","DERECHO LABORAL II",10
168,"LD0933","DERECHO FISCAL II",10
169,"LD0934","CLINICA PROCESAL MERCANTIL",4
170,"LD0935","DERECHO INTERNACIONAL PRIVADO",10
171,"LD0936","DERECHO DE SEGURIDAD SOCIAL",10
172,"LD1037","CLINICA PROCESAL DEL DERECHO FISCAL",4
173,"LD1038","CLINICA PROCESAL LABORAL",4
174,"LD1039","SEMINARIO DE TESIS",7
175,"LD1040","DERECHO ECONOMICO",10
176,"LC0101","INTRODUCCION A LA CONTABILIDAD",8
177,"LC0102","INTRODUCCION A LA ADMINISTRACION",8
178,"LC0103","INTRODUCCION A LA INFORMATICA",6
179,"LC0104","MATEMATICAS BASICAS",8
180,"LC0105","DINAMICA DE LA SOCIEDAD",8
181,"LC0206","FUNDAMENTOS DE CONTABILIDAD I",8
182,"LC0207","ORGANIZACION Y CONTROL",8
183,"LC0208","SISTEMA DE DATOS",6
184,"LC0209","MATEMATICAS FINANCIERAS",8
185,"LC0210","FUNDAMENTOS DEL DERECHO",8
186,"LC0311","FUNDAMENTOS DE CONTABILIDAD II",8
187,"LC0312","ORGANIZACION Y PROCEDIMIENTOS ADMINISTRATIVOS",8
188,"LC0313","ESTADISTICA",8
189,"LC0314","INFORMATICA APLICADA A LA CONTABILIDAD",6
190,"LC0315","DERECHO MERCANTIL",8
191,"LC0416","CONTABILIDAD DE ACTIVO CIRCULANTE Y PASIVO A CORTO",8
192,"LC0417","COSTOS HISTORICOS",8
193,"LC0418","INVESTIGACION DE OPERACIONES",8
194,"LC0419","DERECHO FISCAL",8
195,"LC0420","FUNDAMENTOS DE ECONOMIA",8
196,"LC0521","CONTABILIDAD DE SOCIEDADES",8
197,"LC0522","COSTOS PREDETERMINADOS",8
198,"LC0523","CONTABILIDAD DE CONTRIBUCIONES I",8
199,"LC0524","DERECHO LABORAL",8
200,"LC0525","AUDITORIA ADMINISTRATIVA",8
201,"LC0626","CONTABILIDAD DE ESTADOS FINANCIEROS",8
202,"LC0627","COSTOS VARIABLES",8
203,"LC0628","ESTUDIO DE ESTADOS FINANCIEROS",8
204,"LC0629","CONTABILIDAD DE CONTRIBUCIONES II",8
205,"LC0630","AUDITORIA DE ESTADOS FINANCIEROS",8
206,"LC0731","CONTROL INTERNO",8
207,"LC0732","METODOLOGIA DE LA INVESTIGACION",4
208,"LC0733","ADMINISTRACION FINANCIERA I",8
209,"LC0734","CONTABILIDAD DE CONTRIBUCIONES III",8
210,"LC0735","PRACTICA DE AUDITORIA DE ESTADOS FINANCIEROS",4
211,"LC0836","ADMINISTRACION DE PERSONAL",8
212,"LC0837","PRESUPUESTOS",8
213,"LC0838","ECONOMIA Y LA EMPRESA",8
214,"LC0839","ADMINISTRACION FINANCIERA II",8
215,"LC0840","PRACTICA DE CONTABILIDAD",4
216,"LC0941","FORMULACION Y EVALUACION DE PROYECTOS DE INVERSION",8
217,"LC0942","FINANZAS PUBLICAS Y CONTABILIDAD NACIONAL",8
218,"LC0943","DIRECCION",8
219,"LC0944","ANALISIS AVANZADOS DE ESTADOS FINANCIEROS",6
220,"LC0945","SEMINARIO SOBRE PROBLEMAS ECONOMICOS DE MEXICO",8
221,"LC1046","SISTEMA DE PLANIFICACION Y CONTROL",8
222,"LC1047","CONTABILIDAD Y AUDITORIA GUBERNAMENTALES",8
223,"LC1048","PRACTICAS CONTABLES",4
224,"LC1049","SEMINARIO SOBRE TENDENCIAS ACTUALES EN CONTADURIA",8
225,"LC1050","SEMINARIO DE TITULACION",8
226,"LP0104","CONOCIMIENTO DE LA INFANCIA",8
227,"LP0101","TEORIA PEDAGOGICA I",8
228,"LP0105","HISTORIA GENERAL DE LA EDUCACION",8
229,"LP0102","FUNDAMENTOS DE PSICOLOGIA",8
230,"LP0103","SOCIOLOGIA DE LA EDUCACION",6
231,"MF0104","CODIGO FISCAL DE LA FEDERACION",6
232,"MF0101","TEORIA DOGMATICA DE LA CONTRIBUCION",6
233,"MF0102","CONTABILIDAD I",6
234,"MF0103","ANALISIS FISCAL DE LOS CONTRATOS",6
235,"MA0101","MATEMATICAS APLICADAS",6
236,"MA0102","CONTABILIDAD ADMINISTRATIVA",6
237,"MA0103","ADMINISTRACION",6
238,"MA0104","CALIDAD I",6
239,"LP0210","PROCESOS ADMINISTRATIVOS EN INSTITUCIONES EDUCATIVAS",6
240,"LP0208","HISTORIA DE LA EDUCACION EN MEXICO",8
241,"LP0207","PSICOLOGIA DE LA EDUCACION I",8
242,"LP0206","DIDACTICA GENERAL",8
243,"LP0209","TEORIA PEDAGOGICA II",8
244,"MA0208","ADMINISTRACION FINANCIERA",6
245,"MA0205","ESTADISTICA",5
246,"MA0206","RECURSOS HUMANOS",6
247,"MA0207","ADMINISTRACION DE LA MERCADOTECNIA",6
248,"MF0208","PROCEDIMIENTOS Y RECURSOS ADMINISTRATIVOS",6
249,"MF0207","AUDITORIA Y REVISION FISCAL",6
250,"MF0206","CONTABILIDAD II",6
251,"MF0205","IMPUESTO SOBRE LA RENTA DE LAS ACTIVIDADES EMPRESA",6
252,"LS0101","INTRODUCCION A LAS CIENCIAS COMPUTACIONALES",6
253,"LS0102","LOGICA DE PROGRAMACION",8
254,"LS0103","MATEMATICAS PARA COMPUTACION",8
255,"LS0104","MATEMATICAS I",8
256,"LS0105","ADMINISTRACION I",8
257,"LS0106","CONTABILIDAD I",8
258,"LP0311","PSICOLOGIA DE LA EDUCACION II",8
259,"LS0525","PROGRAMACION CONCURRENTE",6
260,"LS0207","ARQUITECTURA DE LAS COMPUTADORAS",6
261,"LS0208","PRINCIPIOS DE PROGRAMACION",6
262,"LS0209","MATEMATICAS II",8
263,"LS0210","CONTABILIDAD DE COSTOS",8
264,"LS0211","ADMINISTRACION II",8
265,"LS0212","PSICOLOGIA Y RELACIONES HUMANAS EN LA INDUSTRIA",8
266,"LS0313","LENGUAJE ENSAMBLADOR",6
267,"LS0314","PROGRAMACION I",6
268,"LS0315","PROBABILIDAD Y ESTADISTICA",8
269,"LS0316","ADMINISTRACION DE RECURSOS HUMANOS",8
270,"LS0317","DERECHO",8
271,"LS0318","INGLES I",8
272,"LS0419","COMPILADORES E INTERPRETES",6
273,"LS0420","ALGORITMOS COMPUTACIONALES",6
274,"LS0421","PROGRAMACION II",6
275,"LS0422","INVESTIGACION DE OPERACIONES I",8
276,"LS0423","ECONOMIA",8
277,"LS0424","INGLES ll",8
278,"LS0633","FINANZAS II",8
279,"LS0632","TOMA DE DESCISIONES",8
280,"LS0631","BASE DE DATOS I",6
281,"LS0630","SISTEMAS OPERATIVOS",6
282,"LS0526","MANEJO DE ARCHIVO",6
283,"LS0527","INVESTIGACION DE OPERACIONES II",8
284,"LS0528","INGENIERIA ECONOMICA",8
285,"LS0529","FINANZAS I",8
286,"LS0634","MERCADOTECNIA",8
287,"LS0735","TEORIA GENERAL DE SISTEMAS",8
288,"LS0736","BASE DE DATOS II",6
289,"LS0737","TELEPROCESO Y REDES DE COMPUTACIONALES",6
290,"LS0738","SISTEMAS DISTRIBUIDOS",6
291,"LS0739","REDACCION E INVESTIGACION DOCUMENTAL",6
292,"LS0840","ANALISIS DE SISTEMAS",10
293,"LS0841","ETICA PROFESIONAL",6
294,"LS0842","PLANEACION DE REDES",10
295,"LS0843","ADMINISTRACION DE CENTROS DE COMPUTO",8
296,"LS0944","AUDITORIA DE SISTEMAS",8
297,"LS0945","SEMINARIO DE TITULACION",8
298,"LS0946","DESARROLLO DE PROYECTOS",8
299,"LS0947","ADMINISTRACION DE REDES",8
300,"LP0312","PSICOLOGIA DEL ADOLESCENTE",8
301,"LP0313","ADMINISTRACION ESTRATEGICA APLICADA A LA EDUCACION",8
302,"LP0314","SOCIEDAD Y FAMILIA",8
303,"LP0315","ANTROPOLOGIA FILOSOFICA Y EDUCACION",8
304,"LP0416","CONOCIMIENTO DE LA EDAD ADULTA",8
305,"LP0417","MODELOS EDUCATIVOS",8
306,"LP0418","TEORIAS PSICOLOGICAS DEL APRENDIZAJE",6
307,"LP0419","INTRODUCCION A LA ESTADISTICA",8
308,"LP0420","PSICOFISIOLOGIA",8
309,"LP0521","COMPUTACION APLICADA A LA EDUCACION",6
310,"LP0522","MEDICION Y EVALUACION EDUCATIVA",8
311,"LP0523","EDUCACION ESPECIAL",8
312,"LP0524","PLANEACION EDUCATIVA",8
313,"LP0525","PEDAGOGIA Y PSICOLOGIA EN EL AMBITOESCOLAR",8
314,"LP0626","ANTROPOLOGIA CULTURAL",8
315,"LP0627","TECNOLOGIA EDUCATIVA I",6
316,"LP0628","DISEÑO CURRICULAR",6
317,"LP0629","ANDRAGOGIA Y CAPACITACION",8
318,"LP0630","PSICOTECNIA PEDAGOGICA",8
319,"LP0731","TECNOLOGIA EDUCATIVA II",6
320,"LP0732","EVALUACION CURRICULAR",8
321,"LP0733","PSICOLOGIA SOCIAL Y MANEJO DE GRUPOS",8
322,"LP0734","METODOLOGIA DE LA INVESTIGACION I",6
323,"LP0735","HABILIDADES DOCENTES",8
324,"LP0836","ORIENTACION EDUCATIVA, VOCACIONAL Y PROFESIONAL I",6
325,"LP0837","TALLER DE MICROENSEÑANZA",6
326,"LP0838","PEDAGOGIA COMPARADA",8
327,"LP0839","FILOSOFIA DE LA EDUCACION",6
328,"LP0840","METODOLOGIA DE LA EDUCACION II",6
329,"LP0941","ORIENTACION EDUCATIVA , VOCACIONAL Y PROFESIONAL II",6
330,"LP0942","SEMINARIO DE TESIS I",6
331,"LP0943","PRACTICAS ESCOLARES I",6
332,"LP0944","METODOS DE INVESTIGACION EN PSICOPEDAGOGIA",6
333,"LP0945","LEGISLACION EDUCATIVA",6
334,"LP1046","SEMINARIO DE TESIS II",6
335,"LP1047","PRACTICAS ESCOLARES II",6
336,"LP1048","ASPECTOS ETICOS DE LA PEDAGOGIA",8
337,"LP1049","PEDAGOGIA EXPERIMENTAL",8
338,"LP1050","DESARROLLO DE LA COMUNIDAD",8
339,"MA0309","DESARROLLO ORGANIZACIONAL",0
340,"MA0310","MATEMATICAS PARA LA TOMA DE DECISIONES",0
341,"MA0311","CALIDAD II",0
342,"MA0312","INVESTIGACION Y DOCENCIA",0
343,"MA0413","ADMINISTRACION ESTRATEGICA",0
344,"MA0414","SEMINARIO DE INVESTIGACION",0
345,"MA0415","ANALISIS DE PROYECTOS DE INVERSION",0
346,"MA0416","ADMINISTRACION DE LA ALTA DIRECCION",0
347,"MF0309","IMPUESTO SOBRE LA RENTA DE LAS PERSONAS FISICAS",0
348,"MF0310","ESTUDIO DEL IVA, IEPS E IMPUESTO AL ACTIVO",0
349,"MF0311","ESTUDIO DE LAS CONTRIBUCIONES DE SEGURIDAD SOCIAL",0
350,"MF0312","PROCEDIMIENTO CONTENCIOSO ADMINISTRATIVO EN MATERI",0
351,"MF0413","PLANEACION FISCAL",0
352,"MF0414","IMPUESTOS AL COMERCIO EXTERIOR",0
353,"MF0415","INVESTIGACION Y DOCENCIA",0
354,"MF0416","SEMINARIO DE INVESTIGACION",0
355,"MD0101","SOCIOLOGÍA DE LA EDUCACIÓN",5
356,"MD0102","PLANEACIÓN EDUCATIVA",7
357,"MD0103","COMUNICACIÓN EDUCATIVA",6
358,"MD0104","TEORÍA DE GRUPOS DE APRENDIZAJE",6
359,"MD0205","GESTIÓN DIRECTIVA ESCOLAR",6
360,"MD0206","INVESTIGACIÓN EDUCATIVA",6
361,"MD0207","PROBLEMAS Y PERSPECTIVAS DE LA EDUCACIÓN EN MÉXICO",6
362,"MD0208","APRENDIZAJE CONSTRUCTIVISTA",6
363,"MD0309","SOCIOLINGÜISTICA Y ETNOGRAFÍA",5
364,"MD0310","SEMINARIO DE INVESTIGACIÓN I",6
365,"MD0311","MODELOS EDUCATIVOS",6
366,"MD0312","TEORÍA Y EVALUACIÓN DEL APRENDIZAJE",6
367,"MD0413","PENSAMIENTO CRÍTICO Y CREATIVO",6
368,"MD0414","SEMINARIO DE INVESTIGACIÓN II",6
369,"MD0415","MÉTODOS HEURÍSTICOS DE APRENDIZAJE",6
370,"MD0416","TEORÍA Y EVALUACIÓN CURRICULAR",6
371,"MCA0101","ANTECEDENTES HISTÓRICOS DEL AMPARO",6
372,"MCA0102","DERECHO CONSTITUCIONAL EN GENERAL",6
373,"MCA0103","GARANTÍAS INDIVIDUALES",6
374,"MCA0104","AMPARO INDIRECTO EN GENERAL",6
375,"MCA0205","AMPARO DIRECTO EN GENERAL",6
376,"MCA0206","DERECHO CONSTITUCIONAL APLICADO AL AMPARO",6
377,"MCA0207","AMPARO EN MATERIA CIVIL I",6
378,"MCA0208","AMPARO EN MATERIA PENAL",6
379,"MCA0309","INVESTIGACIÓN Y DOCENCIA",6
380,"MCA0310","AMPARO EN MATERIA ADMINISTRATIVA",6
381,"MCA0311","AMPARO EN MATERIA CIVIL II",6
382,"MCA0312","AMPARO EN MATERIA LABORAL",6
383,"MCA0413","SEMINARIO DE INVESTIGACIÓN",6
384,"MCA0414","AMPARO EN MATERIA FISCAL",6
385,"MCA0415","AMPARO EN MATERIA AGRARIA",6
386,"MCA0416","SUSPENSION DEL ACTO RECLAMADO",6
387,"ML0101","TEORÍAS DE LA ARGUMENTACIÓN JURÍDICA",6
388,"ML0102","METODOLOGÍA DE LA INVESTIGACIÓN",6
389,"ML0103","TEORÍA GENERAL DE LOS DERECHOS FUNDAMENTALES",6
390,"ML0104","INTRODUCCIÓN AL DERECHO LABORAL",6
391,"ML0205","PERSPECTIVAS DEL DERECHO LABORAL",6
392,"ML0206","RELACIONES INDIVIDUALES DEL TRABAJO",6
393,"ML0207","MÉTODOS Y TÉCNICAS DE LA INVESTIGACIÓN",6
394,"ML0208","NEGOCIACIÓN EN MATERIA LABORAL",6
395,"ML0309","DERECHO COLECTIVO DEL TRABAJO",6
396,"ML0310","DERECHO PROCESAL DEL TRABAJO",6
397,"ML0311","PRÁCTICA FORENSE DE DERECHO LABORAL",6
398,"ML0312","RÉGIMEN DE LA SEGURIDAD SOCIAL",6
399,"ML0413","DERECHO INTERNACIONAL DEL TRABAJO",6
400,"ML0414","AMPARO LABORAL",6
401,"ML0415","DEONTOLOGÍA JURÍDICA",6
402,"ML0416","SEMINARIO DE INVESTIGACIÓN",6
403,"LDN0101","INTRODUCCION AL ESTUDIO DEL DERECHO",10
404,"LDN0102","TEORIA ECONOMICA",8
405,"LDN0103","DERECHO ROMANO I",10
406,"LDN0104","SOCIOLOGIA",8
407,"LDN0105","TEORIA POLITICA",10
408,"LDN0206","HISTORIA DEL PENSAMIENTO ECONOMICO",8
409,"LDN0207","DERECHO ROMANO II",10
410,"LDN0208","DERECHO CIVIL I",10
411,"LDN0209","DERECHO PENAL I",10
412,"LDN0210","TEORIA GENERAL DEL PROCESO",12
413,"LDN0311","DERECHO CIVIL II",10
414,"LDN0312","TEORIA GENERAL DEL ESTADO",10
415,"LDN0313","DERECHO PENAL II",10
416,"LDN0314","DERECHO PROCESAL CIVIL",10
417,"LDN0315","DERECHO CONSTITUCIONAL",10
418,"LDN0416","DERECHO CIVIL III",10
419,"LDN0417","DERECHO PROCESAL PENAL",10
420,"LDN0418","DERECHO ADMINISTRATIVO I",10
421,"LDN0419","GARANTÍAS INDIVIDUALES",10
422,"LDN0420","DERECHO AGRARIO",10
423,"LDN0521","DERECHO CIVIL IV",10
424,"LDN0522","DERECHO MERCANTIL I",10
425,"LDN0523","CLINICA PROCESAL CIVIL",8
426,"LDN0524","DERECHO ADMINISTRATIVO II",10
427,"LDN0525","AMPARO I",10
428,"LDN0626","DERECHO MERCANTIL II",10
429,"LDN0627","DERECHO LABORAL I",10
430,"LDN0628","AMPARO II",10
431,"LDN0629","DERECHO INTERNACIONAL PÚBLICO",10
432,"LDN0630","DERECHO FISCAL I",10
433,"LDN0731","DERECHO BANCARIO",10
434,"LDN0732","DERECHO LABORAL II",10
435,"LDN0733","DERECHO FISCAL II",10
436,"LDN0734","CLINICA PROCESAL MERCANTIL",8
437,"LDN0735","DERECHO INTERNACIONAL PRIVADO",10
438,"LDN0836","DERECHO DE SEGURIDAD SOCIAL",10
439,"LDN0837","CLINICA PROCESAL DEL DERECHO FISCAL",8
440,"LDN0838","CLINICA PROCESAL LABORAL",8
441,"LDN0839","DERECHO ECONÓMICO",10
442,"LDN0840","SEMINARIO DE TESIS",8
443,"LCN0101","INTRODUCCION A LA CONTABILIDAD",10
444,"LCN0102","INTRODUCCION A LA ADMINISTRACION",8
445,"LCN0103","INTRODUCCION A LA INFORMATICA",8
446,"LCN0104","MATEMATICAS BASICAS",8
447,"LCN0105","METODOLOGIA DE LA INVESTIGACION",8
448,"LCN0106","DINAMICA DE LA SOCIEDAD",8
449,"LCN0207","FUNDAMENTOS DE CONTABILIDAD I",10
450,"LCN0208","LA EMPRESA Y EL PROCESO ADMINISTRATIVO",8
451,"LCN0209","MATEMATICAS FINANCIERAS",8
452,"LCN0210","INFORMATICA APLICADA A LA CONTABILIDAD",8
453,"LCN0211","FUNDAMENTOS DEL DERECHO",8
454,"LCN0212","ESTADISTICA",8
455,"LCN0313","FUNDAMENTOS DE CONTABILIDAD II",10
456,"LCN0314","DERECHO LABORAL",8
457,"LCN0315","DERECHO MERCANTIL",8
458,"LCN0316","INVESTIGACION DE OPERACIONES",8
459,"LCN0317","FUNDAMENTOS DE ECONOMIA",8
460,"LCN0318","SEGURIDAD SOCIAL",8
461,"LCN0419","CONTABILIDAD AVANZADA I",10
462,"LCN0420","COSTOS HISTORICOS",8
463,"LCN0421","DERECHO FISCAL",8
464,"LCN0422","SEMINARIO SOBRE PROBLEMAS ECONOMICOS DE MEXICO",8
465,"LCN0423","CONTRIBUCIONES I",8
466,"LCN0524","CONTABILIDAD AVANZADA II",10
467,"LCN0525","COSTOS PREDETERMINADOS",8
468,"LCN0526","CONTRIBUCIONES II",8
469,"LCN0527","CONTABILIDAD CONTEMPORANEA",8
470,"LCN0528","CONTROL INTERNO",8
471,"LCN0629","COSTOS VARIABLES",8
472,"LCN0630","CONTRIBUCIONES III",8
473,"LCN0631","COMERCIO EXTERIOR",8
474,"LCN0632","ADMINISTRACION FINANCIERA I",8
475,"LCN0633","PRESUPUESTOS",8
476,"LCN0734","AUDITORIA I",8
477,"LCN0735","ADMINSTRACION FINANCIERA II",8
478,"LCN0736","FORMULACION Y EVALUACION DE PROYECTOS DE INVERSION",8
479,"LCN0737","CONTRIBUCIONES IV",8
480,"LCN0738","CONTABILIDAD GUBERNAMENTAL",8
481,"LCN0839","AUDITORIA II",8
482,"LCN0840","PRACTICAS CONTABLES",8
483,"LCN0841","SEMINARIO DE TITULACION",8
484,"LCN0842","SEMINARIO SOBRE TENDENCIAS ACTUALES DE CONTABILIDAD",8
485,"LPN0101","FUNDAMENTOS DE PEDAGOGÍA",8
486,"LPN0102","INTRODUCCIÓN A LA PSICOLOGÍA",8
487,"LPN0103","SOCIOLOGÍA DE LA EDUCACIÓN",6
488,"LPN0104","HISTORIA GENERAL DE LA EDUCACIÓN",6
489,"LPN0105","GESTIÓN Y ORGANIZACIÓN DE INSTITUCIONES EDUCATIVAS",6
490,"LPN0106","COMPUTACIÓN APLICADA A LA EDUCACIÓN",8
491,"LSN0101","INTRODUCCIÓN A LAS CIENCIAS COMPUTACIONALES",8
492,"LSN0102","LÓGICA DE PROGRAMACIÓN CON ALGORITMOS",8
493,"LSN0103","MATEMÁTICAS PARA LA COMPUTACIÓN",8
494,"LSN0104","MATEMÁTICAS I",8
495,"LSN0105","ADMINISTRACIÓN",6
496,"LSN0106","CONTABILIDAD",6
497,"MP0101","DERECHO PENAL",8
498,"MP0102","TEORÍA DEL DELITO",6
499,"MP0103","DERECHO PROCESAL PENAL",8
500,"MP0104","METODOLOGÍA DE LA INVESTIGACIÓN CIENTÍFICA",6
501,"MP0205","CRIMINALÍSTICA",6
502,"MP0206","LA PRUEBA EN EL PROCESO PENAL",8
503,"MP0207","PENOLOGÍA Y SISTEMAS PENITENCIARIOS",8
504,"MP0208","PSICOLOGÍA CRIMINOLÓGICA",6
505,"MP0309","MEDICINA FORENSE",6
506,"MP0310","REDACCIÓN DE DOCUMENTOS LEGALES",6
507,"MP0311","CRIMINOLOGÍA",6
508,"MP0312","INVESTIGACIÓN CRIMINOLÓGICA",6
509,"MP0413","DIVERSAS FORMAS DE DELINCUENCIA",6
510,"MP0414","TRATAMIENTO PENITENCIARIO Y POSTPENITENCIARIO",8
511,"MP0415","DERECHOS HUMANOS Y CRIMINOLOGÍA",8
512,"MP0416","SEMINARIO DE TITULACIÓN",6
513,"LPN0207","PEDAGOGÍA Y PSICOLOGÍA EN EL ÁMBITO ESCOLAR",8
514,"LPN0208","PSICOLOGÍA DE LA EDUCACIÓN",8
515,"LPN0209","SOCIEDAD Y FAMILIA",6
516,"LPN0210","HISTORIA DE LA EDUCACIÓN EN MÉXICO",6
517,"LPN0211","DESARROLLO ORGANIZACIONAL Y CAPITAL HUMANO",6
518,"LPN0212","TÉCNICAS Y ESTADÍSTICA APLICADA A LA EDUCACIÓN",8
519,"LPN0313","TEORÍAS PEDAGÓGICAS",8
520,"LSN0207","ARQUITECTURA DE LAS COMPUTADORAS",8
521,"LSN0208","PRINCIPIOS DE PROGRAMACIÓN",8
522,"LSN0209","MATEMÁTICAS II",6
523,"LSN0210","CONTABILIDAD DE COSTOS",6
524,"LSN0211","SISTEMAS DIGITALES",8
525,"LSN0212","PSICOLOGÍA Y RELACIONES HUMANAS EN LA INDUSTRIA",6
526,"MI0101","TENDENCIAS DE GESTIÓN EN EMPRESAS GLOBALES",6
527,"MI0102","ELEMENTOS DE LA LOGÍSTICA",6
528,"MI0103","RECURSOS INFORMÁTICOS",6
529,"MI0104","ECONOMÍA Y ESTRATEGIAS GLOBALES",6
530,"LSN0313","LENGUAJE ENSAMBLADOR",8
531,"LSN0314","PROGRAMACIÓN I",8
532,"LSN0315","PROBABILIDAD Y ESTADÍSTICA",6
533,"LSN0316","TELEMÁTICA",8
534,"LSN0317","DERECHO",6
535,"LSN0318","INGLÉS I",6
536,"LPN0314","PSICOFISIOLOGÍA",8
537,"LPN0315","ANTROPOLOGÍA FILOSÓFICA Y EDUCACIÓN",6
538,"LPN0316","TENDENCIAS MUNDIALES EN EDUCACIÓN",6
539,"LPN0317","PLANEACIÓN EDUCATIVA",6
540,"LPN0318","TECNOLOGÍA EDUCATIVA I",8
541,"MI0205","SISTEMAS ADMINISTRATIVOS GLOBALES",6
542,"MI0206","LOGÍSTICA DE ABASTECIMIENTO Y PRODUCCIÓN",6
543,"MI0207","COMPORTAMIENTO HUMANO",6
544,"MI0208","ESTRATEGIAS LOGÍSTICAS INTERNACIONALES",6
545,"LSN0419","SISTEMAS OPERATIVOS",8
546,"LSN0420","INTRODUCCIÓN A LAS REDES DE COMPUTADORAS",8
547,"LSN0421","PROGRAMACIÓN DE APLICACIONES EN WEB",8
548,"LSN0422","INVESTIGACIÓN DE OPERACIONES I",6
549,"LSN0423","ECONOMÍA",6
550,"LSN0424","INGLÉS II",6
551,"LPN0419","DIDÁCTICA E INNOVACIÓN PEDAGÓGICA",8
552,"LPN0420","TEORIAS PSICOLÓGICAS DEL APRENDIZAJE",8
553,"LPN0421","FILOSOFÍA DE LA EDUCACIÓN",6
554,"LPN0422","LEGISLACIÓN EDUCATIVA",6
555,"LPN0423","EVALUACIÓN EDUCATIVA",6
556,"LPN0424","TECNOLOGÍA EDUCATIVA II",8
557,"MI0309","COMERCIO INTERNACIONAL",6
558,"MI0310","PROYECTO DE LOGÍSTICA INTEGRAL APLICADA",6
559,"MI0311","SISTEMAS DE TRANSPORTE",6
560,"MI0312","LOGÍSTICA DE PRODUCCIÓN EN MERCADOS INTERNACIONALES",6
561,"LSN0525","PLANEACIÓN DE REDES",8
562,"LSN0526","BASES DE DATOS I",8
563,"LSN0527","INVESTIGACIÓN DE OPERACIONES II",8
564,"LSN0528","MERCADOTECNIA",8
565,"LSN0529","SISTEMAS DISTRIBUIDOS",8
566,"MI0413","GESTIÓN EMPRESARIAL",6
567,"MI0414","SEMINARIO DE INVESTIGACIÓN",6
568,"MI0415","NORMAS DE CALIDAD LOGÍSTICA",6
569,"MI0416","PLANIFICACIÓN DE LOGÍSTICA INTERNACIONAL",6
570,"LPN0525","EDUCACIÓN ESPECIAL I",8
571,"LPN0526","CONOCIMIENTO DE LA INFANCIA",6
572,"LPN0527","PSICOLOGÍA SOCIAL Y MANEJO DE GRUPOS",6
573,"LPN0528","HABILIDADES DOCENTES",6
574,"LPN0529","MODELOS EDUCATIVOS",8
575,"LPN0530","PSICOTECNIA PEDAGÓGICA",8
576,"LPN0631","EDUCACIÓN ESPECIAL II",8
577,"LPN0632","CONOCIMIENTO DEL ADOLESCENTE",6
578,"LPN0633","ASPECTOS ÉTICOS DE LA PEDAGOGÍA",6
579,"LPN0634","PEDAGOGÍA COMPARADA",8
580,"LPN0635","DISEÑO CURRICULAR",8
581,"LPN0636","MÉTODOS DE INVESTIGACIÓN EN PSICOPEDAGOGÍA",6
582,"DAD0101","SOCIOLOGÍA Y CULTURA DE LAS ORGANIZACIONES",6
583,"DAD0102","ADMINISTRACIÓN GLOBAL",6
584,"DAD0103","DESARROLLO HUMANO",6
585,"LSN0630","ADMINISTRACIÓN DE REDES",8
586,"LSN0631","BASES DE DATOS II",8
587,"LSN0632","TEORÍA GENERAL DE SISTEMAS",8
588,"LSN0633","REDACCIÓN E INVESTIGACIÓN DOCUMENTAL",8
589,"LSN0634","INTRODUCCIÓN A LA INTELIGENCIA ARTIFICIAL",8
590,"LSN0735","ANÁLISIS DE SISTEMAS",8
591,"LSN0736","SEGURIDAD INFORMÁTICA",8
592,"LSN0737","ADMINISTRACIÓN DE SISTEMAS OPERATIVOS",8
593,"LSN0738","ÉTICA PROFESIONAL",8
594,"LSN0739","PRINCIPIOS DE ROBÓTICA",8
595,"LSN0840","AUDITORIA INFORMÁTICA",8
596,"LSN0841","SEMINARIO DE TITULACIÓN",8
597,"LSN0842","DESAROLLO DE PROYECTOS",8
598,"LSN0843","INNOVACIONES TECNOLÓGICAS",8
599,"LPN0737","ANDRAGOGÍA Y CAPACITACIÓN I",8
600,"LPN0738","CONOCIMIENTO DE LA EDAD ADULTA",8
601,"LPN0739","DESARROLLO DE LA COMUNIDAD",6
602,"LPN0740","DISEÑO Y ELABORACION DE INSTRUMENTOS DE EVALUACIÓN",6
603,"LPN0741","EVALUACIÓN CURRICULAR",8
604,"LPN0742","METODOLOGÍA DE LA INVESTIGACIÓN I",6
605,"LPN0843","PRÁCTICAS DE FORMACIÓN",8
606,"LPN0844","FUNCIONES PSICOPEDAGÓGICAS",8
607,"LPN0845","ORIENTACIÓN EDUCATIVA , PROFESIONAL Y VOCACIONAL",6
608,"LPN0846","PRÁCTICAS PROFESIONALES",6
609,"LPN0847","TALLER DE MATERIAL DIDÁCTICO",8
610,"LPN0848","SEMINARIO DE TESIS I",6
611,"DAD0204","INNOVACIÓN Y TENDENCIAS EN DESARROLLO ORGANIZACIONAL",6
612,"DAD0205","CALIDAD TOTAL Y PRODUCTIVIDAD",6
613,"DAD0206","INTELIGENCIA EMOCIONAL",6
614,"DAD0307","GESTIÓN EN ADMINISTRACIÓN ESTRATÉGICA",6
615,"DAD0308","PROYECTO DOCTORAL I",10
616,"DAD0309","DIRECCIÓN DE RECURSOS HUMANOS",6
617,"DAD0410","GESTIÓN DIRECTIVA Y ANÁLISIS ORGANIZACIONAL",6
618,"DAD0411","PROYECTO DOCTORAL II",10
619,"DAD0412","COSTOS Y EVALUACIÓN DE PROYECTOS",6
620,"DODE0101","FILOSOFÍA DEL DERECHO",6
621,"DODE0102","INVESTIGACIÓN JURÍDICA",6
622,"DODE0103","PROYECTO DOCTORAL I",8
623,"DODE0204","SOCIOLOGÍA DEL DERECHO",6
624,"DODE0205","INVESTIGACIÓN JURISPRUDENCIAL",6
625,"DODE0206","PROYECTO DOCTORAL II",8
626,"DODE0307","JUICIOS ORALES",6
627,"DODE0308","INVESTIGACIÓN LEGISLATIVA",6
628,"DODE0309","PROYECTO DOCTORAL III",8
629,"DODE0410","DIDÁCTICA DEL DERECHO",6
630,"DODE0411","INVESTIGACIÓN EN MATERIA CIVIL",6
631,"DODE0412","PROYECTO DOCTORAL IV",8
632,"LII0101","MATEMATICAS I",8
633,"LII0102","QUIMICA",8
634,"LII0103","ADMINISTRACION I",6
635,"LII0104","FISICA I",6
636,"LII0105","INGENIERIA INDUSTRIAL Y SUS DIMENSIONES",8
637,"LII0106","PROBABILIDAD",8
638,"LPE0101","INTRODUCCIÓN A LA PSICOLOGÍA EDUCATIVA",8
639,"LPE0102","HISTORIA GENERAL DE LA EDUCACIÓN",8
640,"LPE0103","PSICOLOGÍA DE LA EDUCACIÓN I",8
641,"LPE0104","HISTORIA DE LA PSICOLOGÍA",8
642,"LPE0105","COMUNICACIÓN EDUCATIVA",8
643,"LGD0101","ADMINISTRACION",6
644,"LGD0102","MATEMATICAS",6
645,"LGD0103","ANATOMIA Y FISIOLOGIA I",8
646,"LGD0104","FUNDAMENTOS DE LA CULTURA FISICA Y DEPORTIVA",8
647,"LGD0105","FUTBOL I",6
648,"LGD0106","RECREACION",6
649,"DE0101","SEMINARIO DE PEDAGOGIA",10
650,"DE0102","SEMINARIO DE SOCIOLOGIA DE LA EDUCACION",10
651,"DE0103","SEMINARIO- TALLER DE COMUNICACION EDUCATIVA Y ALFABETIZACION",10
652,"DE0104","INNOVACION E INVESTIGACION EDUCATIVA",10
653,"DE0205","SEMINARIO DE DISEÑO Y EVALUACION CURRICULAR",10
654,"DE0206","SEMINARIO DE FILOSOFIA DE LA EDUCACION",10
655,"DE0207","SEMINARIO DE PSICOLOGIA EDUCATIVA",10
656,"DE0208","SOCIOLINGÜISTICA Y ETNOGRAFIA",8
657,"DE0309","SEMINARIO - TALLER DE DIDACTICA GENERAL",10
658,"DE0310","SEMINARIO DE POLITICAS EDUCATIVAS, PROBLEMAS Y PERSPECTIVAS",10
659,"DE0311","SEMINARIO - TALLER DE GRUPOS DE APRENDIZAJE",10
660,"DE0312","ESTADISTICA APLICADA A LA EDUCACION",8
661,"DE0413","SEMINARIO-TALLER DE DIDACTICAS ESPECIALIZADAS",10
662,"DE0414","SEMINARIO - TALLER DE HISTORIA DE LA EDUCACION",8
663,"DE0415","SEMINARIO- TALLER DE TECNOLOGIAS DE LA INFORMACION",10
664,"DE0416","PROYECTO DOCTORAL I",8
665,"DE0517","SEMINARIO-TALLER DE EVALUACION EDUCATIVA",10
666,"DE0518","ORIENTACION EDUCATIVA , VOCACIONAL Y PROFESIONAL",8
667,"DE0519","SEMINARIO-TALLER DE GESTION ADMINISTRATIVA",8
668,"LPE0206","ESTADÍSTICA",8
669,"LPE0207","ADMINISTRACIÓN EDUCATIVA",8
670,"LPE0208","PSICOLOGÍA DE LA EDUCACIÓN II",8
671,"LPE0209","BASES FILOSÓFICAS DE LA PSICOLOGÍA",8
672,"LPE0210","MÉTODOS Y TÉCNICAS DE INVESTIGACIÓN",8
673,"IGI207","MATEMÁTICAS II",8
674,"IGI208","ADMINISTRACIÓN II",6
675,"IGI209","METROLOGÍA Y NORMALIZACIÓN",6
676,"IGI210","ESTADÍSTICA I",8
677,"IGI211","MATERIALES EN INGENIERÍA",8
678,"IGI212","FÍSICA II",6
679,"DE0520","PROYECTO DOCTORAL II",8
680,"LPE0311","PRINCIPALES TEORÍAS PSICOLÓGICAS I",8
681,"LPE0312","ANÁLISIS PSICOPATOLÓGICO DEL ESCOLAR",8
682,"LPE0313","PLANEACIÓN ESTRATÉGICA DE LA ENSEÑANZA",8
683,"LPE0314","HERRAMIENTAS TECNOLÓGICAS EN EDUCACIÓN",8
684,"LPE0315","PLANEACIÓN EDUCATIVA",8
685,"LPE0416","PRINCIPALES TEORÍAS PSICOLÓGICAS  II",8
686,"LPE0417","TEORÍA Y TÉCNICA DE LA ENTREVISTA",8
687,"LPE0418","DISEÑO Y EVALUACIÓN CURRICULAR",8
688,"LPE0419","COMUNICACIÓN HUMANA Y SOCIAL",8
689,"LPE0420","TEORÍAS PSICOLÓGICAS DEL APRENDIZAJE I",8
690,"LPE0521","TEORÍA  Y PRÁCTICA DE LAS RELACIONES HUMANAS",8
691,"LPE0522","ANTROPOLOGÍA DE LA EDUCACIÓN I",8
692,"LPE0523","SOCIOLOGÍA APLICADA A LA PSICOLOGÍA",8
693,"LPE0524","DESARROLLO INFANTIL Y DE LA ADOLESCENCIA",8
694,"LPE0525","TEORÍAS PSICOLÓGICAS DEL APRENDIZAJE II",8
695,"LPE0626","TEORÍAS DE LA PERSONALIDAD I",8
696,"LPE0627","ANTROPOLOGÍA DE LA EDUCACIÓN  II",8
697,"LPE0628","TEORÍAS DE GRUPO",8
698,"LPE0629","ANDRAGOGÍA, CAPACITACIÓN Y DESARROLLO",8
699,"LPE0630","PSICOLOGÍA DE LAS MASAS",8
700,"LPE0731","TEORÍAS DE LA PERSONALIDAD II",8
701,"LPE0732","PSICOPEDAGOGÍA",8
702,"LPE0733","INVESTIGACIÓN EDUCATIVA I",8
703,"LPE0734","DIAGNÓSTICOS  DE PROBLEMAS DE APRENDIZAJE",8
704,"LPE0735","PSICOPATOLOGÍA Y SOCIEDAD",8
705,"LPE0836","PRÁCTICAS PROFESIONALES",8
706,"LPE0837","MÉTODOS Y TÉCNICAS DE INTERACCIÓN E INTERVENCIÓN",8
707,"LPE0838","INVESTIGACIÓN EDUCATIVA II",8
708,"LPE0839","ORIENTACIÓN EDUCATIVA",8
709,"LPE0840","SEMINARIO DE TESIS",8
710,"IGI313","MATEMÁTICAS III",8
711,"IGI314","ADMINISTRACIÓN III",6
712,"IGI315","ESTADÍSTICA II",8
713,"IGI316","ESTUDIO DEL TRABAJO I",6
714,"IGI317","FUNDAMENTOS DE INVESTIGACIÓN",8
715,"IGI318","PROCESOS DE FABRICACIÓN",8
716,"IGI101","MATEMÁTICAS I",8
717,"IGI102","QUÍMICA",8
718,"IGI103","ADMINISTRACIÓN I",6
719,"IGI104","FÍSICA I",6
720,"IGI105","INGENIERÍA INDUSTRIAL Y SUS DIMENSIONES",8
721,"IGI106","PROBABILIDAD",8
722,"IGI419","MATEMATICAS IV",0
723,"IGI420","TALLER DE INVESTIGACION I",0
724,"IGI421","ESTUDIO DEL TRABAJO II",0
725,"IGI422","ADMINISTRACION DE OPERACIONES I",0
726,"IGI423","ALGORITMOS Y LENGUAJE DE PROGRAMACION",0
727,"IGI424","LIDERAZGO Y DIRECCION",0
728,"LD30101","INTRODUCCIÓN AL ESTUDIO DEL DERECHO",10
729,"LD30102","TEORIA ECONÓMICA",8
730,"LD30103","DERECHO ROMANO",10
731,"LD30104","SOCIOLOGIA",8
732,"LD30105","DERECHO PENAL GENERAL",8
733,"LD30206","SISTEMAS JURIDICOS CONTEMPORANEOS",8
734,"LD30207","TEORÍA POLÍTICA Y DEL ESTADO",8
735,"LD30208","DERECHO CIVIL I",10
736,"LD30209","DERECHO PENAL",10
737,"LD30210","TEORÍA GENERAL DEL PROCESO",8
738,"LD30311","DERECHO CIVIL II",10
739,"LD30312","ORATORIA, ARGUMENTACION JURÍDICA Y TÉCNICAS DE INVESTIGACIÓN",8
740,"LD30313","CRIMINOLOGÍA",8
741,"LD30314","DERECHO PROCESAL CIVIL",10
742,"LD30315","DERECHO CONSTITUCIONAL",8
743,"LD30416","DERECHO CIVIL III",10
744,"LD30417","DERECHO PROCESAL PENAL ACUSATORIO",10
745,"LD30418","DERECHO ADMINISTRATIVO",8
746,"LD30419","DERECHOS FUNDAMENTALES Y PRINCIPIOS",8
747,"LD30420","DERECHO AGRARIO",8
748,"LD30521","DERECHO CIVIL IV",10
749,"LD30522","DERECHO MERCANTIL I",8
750,"LD30523","CLÍNICA PROCESAL CIVIL",10
751,"LD30524","DERECHO PROCESAL ADMINISTRATIVO",8
752,"LD30525","AMPARO I",8
753,"LD30626","DERECHO MERCANTIL II",8
754,"LD30627","DERECHO LABORAL I",8
755,"LD30628","AMPARO II",10
756,"LD30629","ESTUDIOS DE CASOS Y MEDIOS ALTERNATIVOS DE SOLUCIÓN DE CONFL",10
757,"LD30630","DERECHO FISCAL",8
758,"LD30731","DERECHO AMBIENTAL",8
759,"LD30732","DERECHO LABORAL II",8
760,"LD30733","DERECHO PROCESAL FISCAL",10
761,"LD30734","CLÍNICA PROCESAL MERCANTIL",10
762,"LD30735","DERECHO INTERNACIONAL PÚBLICO",8
763,"LD30836","DERECHO DE SEGURIDAD SOCIAL",8
764,"LD30837","DERECHO INTERNACIONAL PRIVADO",8
765,"LD30838","CLÍNICA PROCESAL LABORAL",10
766,"LD30839","DERECHO ECONÓMICO",8
767,"LD30840","SEMINARIO DE TESIS",10
768,"LI0526","INVESTIGACIÓN DE OPERACIONES I",8
769,"IGI526","INVESTIGACIÓN DE OPERACIONES I",8
770,"IGI527","ADMINISTRACIÓN DE PROYECTOS",6
771,"IGI528","ADMINISTRACIÓN DE OPERACIONES II",8
772,"IGI529","ADMINISTRACIÓN DEL MANTENIMIENTO",6
773,"IGI525","MATEMÁTICAS V",0
774,"IGI630","INGENIERÍA ECONÓMICA",8
775,"IGI631","CONTABILIDAD DE COSTOS",6
776,"IGI632","INVESTIGACIÓN DE OPERACIONES II",8
777,"IGI633","TALLER DE INVESTIGACIÓN II",6
778,"IGI634","INGENIERÍA DE SISTEMAS",8
779,"MLN0101","TEORÍAS DE LA ARGUMENTACIÓN JURÍDICA",6
780,"MLN0102","DERECHO ADMINISTRATIVO DEL TRABAJO",6
781,"MLN0103","TEORÍA GENERAL DE LOS DERECHOS FUNDAMENTALES",6
782,"MLN0104","INTRODUCCIÓN AL DERECHO LABORAL",6
783,"MLN0205","PERSPECTIVAS DEL DERECHO LABORAL",6
784,"MLN0206","RELACIONES INDIVIDUALES DEL TRABAJO",6
785,"MLN0207","DERECHO DEL TRABAJO BUROCRATICO",6
786,"MLN0208","NEGOCIACIÓN EN MATERIA LABORAL",6
787,"MLN0309","DERECHO COLECTIVO DEL TRABAJO",6
788,"MLN0310","DERECHO PROCESAL Y PRÁCTICA FORENSE DEL TRABAJO",6
789,"MLN0311","SEMINARIO DE INVESTIGACIÓN I",6
790,"MLN0312","RÉGIMEN DE LA SEGURIDAD SOCIAL",6
791,"MLN0413","DERECHO INTERNACIONAL DEL TRABAJO",6
792,"MLN0414","AMPARO LABORAL",6
793,"MLN0415","DEONTOLOGÍA JURÍDICA",6
794,"MLN0416","SEMINARIO DE INVESTIGACIÓN II",6
795,"MCNA0101","ANTECEDENTES HISTÓRICOS DEL AMPARO",6
796,"MCNA0102","DERECHO CONSTITUCIONAL EN GENERAL",6
797,"MCNA0103","DERECHOS FUNDAMENTALES",6
798,"MCNA0104","AMPARO INDIRECTO EN GENERAL",6
799,"MCNA0205","AMPARO DIRECTO EN GENERAL",6
800,"MCNA0206","DERECHO CONSTITUCIONAL APLICADO AL AMPARO",6
801,"MCNA0207","AMPARO EN MATERIA CIVIL Y MERCANTIL I",6
802,"MCNA0208","AMPARO EN MATERIA PENAL",6
803,"MCNA0309","INVESTIGACIÓN Y DOCENCIA",6
804,"MCNA0310","AMPARO EN MATERIA ADMINISTRATIVA",6
805,"MCNA0311","AMPARO EN MATERIA CIVIL Y MERCANTIL II",6
806,"MCNA0312","AMPARO EN MATERIA LABORAL",6
807,"MCNA0413","SEMINARIO DE INVESTIGACIÓN",6
808,"MCNA0414","AMPARO EN MATERIA FISCAL",6
809,"MCNA0415","AMPARO EN MATERIA AGRARIA",6
810,"MCNA0416","SUSPENSION DEL ACTO RECLAMADO",6
811,"DE10101","SEMINARIO DE PEDAGOGÍA",10
812,"DE10102","SEMINARIO DE SOCIOLOGÍA DE LA EDUCACIÓN",10
813,"DE10103","SEMINARIO TALLER DE COMUNICACION EDUCATIVA Y ALFABETIZACIÓN ACADÉMICA",10
814,"DE10104","INNOVACION DE INVESTIGACION EDUCATIVA",10
815,"DE10205","SEMINARIO DE DISEÑO Y EVALUACIÓN CURRICULAR",10
816,"DE10206","SEMINARIO DE FILOSOFÍA DE LA EDUCACIÓN",10
817,"DE10207","SEMINARIO DE PSICOLOGÍA EDUCATIVA",10
818,"DE10208","SOCIOLINGUÍSTICA Y ETNOGRAFÍA",8
819,"DE10309","SEMINARIO TALLER DE DIDACTICA GENERAL",10
820,"DE10310","SEMINARIO DE POLITICAS EDUCATIVAS, PROBLEMAS Y PERSPECTIVAS DE LA EDUCACIÓN",10
821,"DE10311","SEMINARIO TALLER DE GRUPOS DE APRENDIZAJE",10
822,"DE10312","ESTADÍSTICA APLICADA A LA EDUCACIÓN",8
823,"DE10413","SEMINARIO TALLER DE DIDÁCTICA ESPECIALIZADA",10
824,"DE10414","SEMINARIO TALLER DE HISTORIA DE LA EDUCACIÓN",8
825,"DE10415","SEMINARIO TALLER DE TECNOLOGIAS DE LA INFORMACIÓN Y COMUNICACIÓN APLICADAS A LA EDUCACIÓN",10
826,"DE10416","PROYECTO DOCTORAL I",8
827,"DE10517","SEMINARIO TALLER DE EVALUACION EDUCATIVA",10
828,"DE10518","ORIENTACION EDUCATIVA, VOCACIONAL Y PROFESIONAL",8
829,"DE10519","SEMINARIO TALLER DE GESTION ADMINISTRATIVA",8
830,"DE10520","PROYECTO DOCTORAL II",8
831,"DE10621","SEMINARIO TALLER DE EVALUACIÓN DE LOS APRENDIZAJES",10
832,"DE10622","ÉTICA PROFESIONAL",8
833,"DE10623","GESTIÓN DIRECTIVA, ESTRATÉGICA Y ESCOLAR",8
834,"DE10624","PROYECTO DOCTORAL III",8
835,"TIA0101","MATEMÁTICAS",8
836,"TIA0102","SISTEMAS DE MANUFACTURA",8
837,"TIA0103","INFORMÁTICA",8
838,"TIA0104","QUÍMICA",8
839,"TIA0105","DESARROLLO PRODUCTIVO I",6
840,"TIA0106","INTRODUCCIÓN A LAS ORGANIZACIONES INDUSTRIALES",6
841,"TIA0107","METODOLOGIA DE LA INVESTIGACIÓN",6
842,"TIA0208","CÁLCULO DUFERENCIAL",8
843,"TIA0209","DESARROLLO PRODUCTIVO II",6
844,"TIA0210","ASEGURAMIENTO DE LA CALIDAD",8
845,"TIA0211","ESTADÍSTICA I",8
846,"TIA0212","METROLOGÍA",8
847,"TIA0213","DIBUJO ASISTIDO POR COMPUTADORA",8
848,"TIA0314","CÁLCULO INTEGRAL",8
849,"TIA0315","ESTADISTICA II",8
850,"TIA0316","MECÁNICA",8
851,"TIA0317","ADMINISTRACION DE LA CALIDAD I",8
852,"TIA0318","CONROL DE CALIDAD",8
853,"TIA0319","PROCESOS DE MANUFACTURA I",8
854,"TIA0420","MEJORA CONTINUA",8
855,"TIA0421","ADMINISTRACIÓN DE LA CALIDAD II",8
856,"TIA0422","PROCESOS DE MANUFACTURA II",8
857,"TIA0423","HIGIENE Y SEGURIDAD INDUSTRIAL",8
858,"TIA0424","MANUFACTURA ASISTIDA POR COMPUTADORA",8
859,"TIA0425","ADMINISTRACIÓN DE LA PRODUCCIÓN",8
860,"LAN0101","INTRODUCCIÓN A LA ADMINISTRACIÓN",8
861,"LAN0102","INTRODUCCIÓN A LA CONTABILIDAD",8
862,"LAN0103","FUNDAMENTOS DEL DERECHO",8
863,"LAN0104","INFORMÁTICA I",6
864,"LAN0105","ESTADÍSTICA",8
865,"LAN0206","ADMINISTRACIÓN I",8
866,"LAN0207","CONTABILIDAD I",8
867,"LAN0208","DERECHO MERCANTIL",8
868,"LAN0209","INFORMATICA II",6
869,"LAN0210","MATEMATICAS SUPERIORES",8
870,"LAN0311","COMPORTAMIENTO ORGANIZACIONAL",8
871,"LAN0312","CONTABILIDAD II",8
872,"LAN0313","DERECHO LABORAL",8
873,"LAN0314","RELACIONES HUMANAS",6
874,"LAN0315","INVESTIGACIÓN DE OPERACIONES",8
875,"LAN0416","FUNDAMENTOS DE ECONOMIA",6
876,"LAN0417","CONTABILIDAD DE COSTOS",8
877,"LAN0418","DERECHO FISCAL",8
878,"LAN0419","MERCADOTECNIA  I",8
879,"LAN0420","METODOS CUANTITATIVOS EN ADMINISTRACION",8
880,"LAN0521","MACROECONOMÍA",8
881,"LAN0522","RECURSOS HUMANOS I",8
882,"LAN0523","COMUNICACIÓN ADMINISTRATIVA",6
883,"LAN0524","MERCADOTECNIA II",8
884,"LAN0525","MATEMÁTICAS FINANCIERAS",8
885,"LAN0626","MICROECONOMÍA",8
886,"LAN0627","RECURSOS HUMANOS II",8
887,"LAN0628","PLANEACIÓN ESTRATÉGICA",8
888,"LAN0629","SEGURIDAD SOCIAL",8
889,"LAN0630","FINANZAS I",8
890,"LAN0731","DESARROLLO HUMANO",8
891,"LAN0732","ADMINISTRACIÓN DE SUELDOS Y SALARIOS",8
892,"LAN0733","INVESTIGACIÓN DE MERCADOS",8
893,"LAN0734","FINANZAS II",8
894,"LAN0735","RELACIONES PÚBLICAS",8
895,"LAN0836","AUDITORIA ADMINISTRATIVA",6
896,"LAN0837","ÉTICA PROFESIONAL",6
897,"LAN0838","ADMINISTRACIÓN DE LA PRODUCCIÓN I",8
898,"LAN0839","PROMOCIÓN EN LA MERCADOTECNIA",8
899,"LAN0840","SEMINARIO DE TITULACIÓN I",8
900,"LAN0941","GESTIÓN DE SISTEMAS DE CALIDAD",6
901,"LAN0942","SEMINARIO DE TITULACIÓN II",6
902,"LAN0943","ADMINISTRACIÓN DE LA PRODUCCIÓN II",8
903,"LAN0944","DIRECCIÓN Y LIDERAZGO",8
904,"LAN0945","REINGENIERÍA ADMINISTRATIVA",6
905,"IGI735","LOGÍSTICA Y CADENAS DE SUMINISTRO",8
906,"IGI736","SISTEMAS DE MANUFACTURA",8
907,"IGI737","PLANEACIÓN Y DISEÑO DE INSTALACIONES",6
908,"IGI738","DESARROLLO SUSTENTABLE",6
909,"IGI739","SIMULACIÓN",6
910,"IGI840","FORMULACIÓN Y EVALUACIÓN DE PROYECTOS",8
911,"IGI841","SISTEMAS DE LA INFORMACIÓN ESTRATÉGICA",8
912,"IGI842","ADMINISTRACIÓN DE CALIDAD",6
913,"IGI843","ÉTICA",6
914,"IGI844","SEMINARIO DE TITULACIÓN",6
915,"LIA0101","ALGEBRA",8
916,"LIA0102","INTRODUCCION A LOS PROCESOS PRODUCTIVOS",8
917,"LIA0103","BASES DE LA INGENIERIA AUTOMOTRIZ",8
918,"LIA0104","QUIMICA GENERAL",6
919,"LIA0105","FUNDAMENTOS DE LA FISICA",8
920,"LIA0206","CÁLCULO I",8
921,"LIA0207","DIBUJO COMPUTARIZADO",6
922,"LIA0208","MATERIALES I",8
923,"LIA0209","PROBABILIDAD Y ESTADISTICA",8
924,"LIA0210","MECÁNICA I",8
925,"LIA0311","CÁLCULO II",8
926,"LIA0312","ELECTRICIDAD APLICADA",6
927,"LIA0313","MATERIALES II",8
928,"LIA0314","FUNDAMENTOS DE DINÁMICA",8
929,"LIA0315","MECÁNICA II",8
930,"LIA0416","CALCULO III",8
931,"LIA0417","MODELADO POR COMPUTADORA",8
932,"LIA0418","DINÁMICA DE FLUIDOS",8
933,"LIA0419","TERMODINÁMICA",6
934,"LIA0420","FUNDAMENTOS DEL VEHICULO",8
935,"LIA0521","METODOLOGÍA Y NORMALIZACIÓN",8
936,"LIA0522","DISEÑO DIGITAL AUTOMOTRIZ",8
937,"LIA0523","SISTEMAS DE CALIDAD",8
938,"LIA0524","MOTORES Y PROCESOS DE COMBUSTIÓN",8
939,"LIA0525","ÉTICA PROFESIONAL",6
940,"LIA0626","INGLÉS I",8
941,"LIA0627","ELECTRICIDAD Y ELECTRÓNICA AUTOMOTRIZ",8
942,"LIA0628","PROCESOS DE MANUFACTURA Y PRODUCCIÓN",8
943,"LIA0629","MOTORES DE COMBUSTIÓN INTERNA",8
944,"LIA0630","TECNOLOGÍA DE NEUMÁTICOS",8
945,"LIA0731","INGLES II",8
946,"LIA0732","ELABORACIÓN DE PROYECTOS",8
947,"LIA0733","QUÍMICA AMBIENTAL",8
948,"LIA0734","SEGURIDAD AUTOMOTRIZ",8
949,"LIA0735","METODOLOGÍA DE INVESTIGACIÓN",8
950,"LIA0836","INGLES III",6
951,"LIA0837","MANUFACTURA ASISTIDA POR COMPUTADORA",8
952,"LIA0838","INNOVACIÓN Y TECNOLOGÍA AUTOMOTRIZ",8
953,"LIA0839","SUSTENTABILIDAD Y TECNOLOGÍAS ALTERNATIVAS",8
954,"LIA0840","SEMINARIO DE TESIS",8
955,"LD30106","LECTURA Y REDACCION JURIDICA",0
956,"LD30211","LECTURA Y REDACCION JURIDICA",0
957,"LD30316","COMUNICACION ORAL Y ESCRITA",0
958,"LD30421","LEXICOLOGIA JURIDICA",0
959,"LD30526","LEXICOLOGIA JURIDICA",0
960,"LD30527","INGLES JURIDICO",0
961,"LPE0106","ORTOGRAFIA Y REDACCION",0
962,"LPN0107","ORTOGRAFIA Y REDACCION",0
963,"LIA0211","COMUNICACION ORAL Y ESCRITA",0
964,"IGI0101","INTRODUCCIÓN A LA INGENIERÍA INDUSTRIAL",6
965,"IGI0102","MATEMÁTICAS I",8
966,"IGI0103","FÍSICA I",8
967,"IGI0104","QUÍMICA I",8
968,"IGI0105","COMPUTACIÓN I",6
969,"IGI0106","INGLÉS I",6
970,"LS30101","ARQUITECTURA DE LAS COMPUTADORAS",8
971,"LS30102","LÓGICA DE PROGRAMACIÓN CON ALGORITMOS",8
972,"LS30103","MATEMÁTICAS PARA LA COMPUTACIÓN",8
973,"LS30104","MATEMÁTICAS I",8
974,"LS30105","ADMINISTRACIÓN",6
975,"LS30106","CONTABILIDAD",6
976,"LEN0101","INTRODUCCIÓN A LA PSICOLOGÍA EDUCATIVA",8
977,"LEN0102","HISTORIA GENERAL DE LA EDUCACIÓN",8
978,"LEN0103","PSICOLOGÍA DE LA EDUCACIÓN I",8
979,"LEN0104","HISTORIA DE LA PSICOLOGÍA",8
980,"LEN0105","BASES BIOLÓGICAS DEL APRENDIZAJE",8
981,"MPA0101","DERECHO PENAL",8
982,"MPA0102","TEORÍA DEL DELITO I",6
983,"MPA0103","FUNDAMENTOS CONSTITUCIONALES DEL SISTEMA PENAL ACUSATORIO",8
984,"MPA0104","ARGUMENTACIÓN JURÍDICA",6
985,"LC30101","INTRODUCCIÓN A LA CONTABILIDAD",10
986,"LC30102","INTRODUCCIÓN A LA ADMINISTRACIÓN",8
987,"LC30103","INTRODUCCIÓN A LA INFORMÁTICA",8
988,"LC30104","MATEMÁTICAS BÁSICAS",8
989,"LC30105","DINÁMICA DE LA SOCIEDAD",8
990,"IGI0207","ÉTICA, VALORES Y RESPONSABILIDAD SOCIAL",6
991,"IGI0208","MATEMÁTICAS II",8
992,"IGI0209","FÍSICA II",8
993,"IGI0210","EXPERIMENTOS DE QUÍMICA",8
994,"IGI0211","COMPUTACIÓN II",6
995,"IGI0212","INGLÉS II",6
996,"LPP0101","INTRODUCCIÓN A LA PSICOLOGÍA EDUCATIVA",0
997,"LPP0102","HISTORIA GENERAL DE LA EDUCACIÓN",8
998,"LPP0103","PSICOLOGÍA DE LA EDUCACIÓN I",8
999,"LPP0104","HISTORIA DE LA PSICOLOGÍA",8
1000,"LPP0105","BASES BIOLÓGICAS DEL APRENDIZAJE",8
1001,"N/A","N/A",0
